{
    "define": {
        "all": "大杂烩"
    },
    "contents": {
        "all": [
            {
                "title": "The beauty of Schottky groups",
                "cover": "https://peterefrancis.com/schottky-groups/img/coloredgasket.svg",
                "review": "Schottky 群的简短入门",
                "doubanLink": "https://peterefrancis.com/schottky-groups/"
            },
            {
                "title": "Kleinian and Quasi-Fuchsian Limit Sets: An Open Source Toolbox",
                "review": "Indra's pearls 书中算法的开源实现",
                "cover": "https://dhushara.com/DarkHeart/quasif/img/61s.gif",
                "doubanLink": "https://dhushara.com/DarkHeart/quasif/quasi.htm"
            },
            {
                "title": "Un ensemble-limite",
                "cover": "https://images-archive.math.cnrs.fr/IMG/png/Fricke-Klein-AC-3.png",
                "review": "Chéritat 复现 Klein 书中的一副插图",
                "doubanLink": "https://images-archive.math.cnrs.fr/Un-ensemble-limite.html?lang=fr"
            },
            {
                "title": "Topology and Groups",
                "review": "Jonny Evans 的拓扑课程",
                "cover": "https://api.screenshotmachine.com?key=048629&url=http://jde27.uk/tg&dimension=480x360",
                "doubanLink": "http://jde27.uk/tg/index.html"
            },
            {
                "title": "Artinian algebras",
                "review": "Wedderburn-Artin 定理的证明",
                "cover": "https://api.screenshotmachine.com?key=048629&url=https://dec41.user.srcf.net/h/III_L/algebras&dimension=480x360",
                "doubanLink": "https://dec41.user.srcf.net/h/III_L/algebras/"
            },
            {
                "title": "The complex Farey fraction tessellation",
                "cover": "https://westy31.nl/ComplexFarey/ModularComplex1.jpg",
                "doubanLink": "https://westy31.nl/ComplexFarey/ComplexFarey.html"
            },
            {
                "title": "Crystallographic Sphere Packings",
                "cover": "https://sites.math.rutgers.edu/~alexk/crystallographic/tetrahedron/packing.png",
                "review": "晶体球堆的不同构造方式",
                "doubanLink": "https://sites.math.rutgers.edu/~alexk/crystallographic/"
            },
            {
                "title": "Quantum Mechanics and the Dodecahedron",
                "cover": "https://i0.wp.com/math.ucr.edu/home/baez/mathematical/dodecahedron_spinning.gif",
                "review": "John Baez 讨论 dodecahedron 群的不变量",
                "doubanLink": "https://johncarlosbaez.wordpress.com/2017/12/31/quantum-mechanics-and-the-dodecahedron/"
            },
            {
                "title": "Captain Einstein: Experience relativity in Virtual Reality",
                "review": "在 VR 中体验相对论",
                "cover": "https://img.youtube.com/vi/i6AouFHLb2g/sddefault.jpg",
                "doubanLink": "http://captaineinstein.org"
            },
            {
                "title": "Hexagonal hyperbolic honeycombs",
                "cover": "https://i0.wp.com/math.ucr.edu/home/baez/mathematical/%7B6%2C3%2C3%7D_honeycomb_roice_bright_small.png",
                "review": "John Baez 讨论各种六边形双曲蜂巢",
                "doubanLink": "https://johncarlosbaez.wordpress.com/2014/05/14/hexagonal-hyperbolic-honeycombs/"
            },
            {
                "title": "The harmonic triangle",
                "review": "一个有意思的动画",
                "cover": "https://www.geogebra.org/resource/gksmkmxx/vDKMfEfIdgdbWHqs/material-gksmkmxx-thumb@l.png",
                "doubanLink": "https://www.geogebra.org/m/x99nwwrd"
            },
            {
                "title": "Js animations of Uniform polyhedra, Aztec diamond, etc",
                "review": "一些动画",
                "cover": "https://api.screenshotmachine.com?key=048629&url=https://bustercopley.github.io/&dimension=480x360",
                "doubanLink": "https://bustercopley.github.io/"
            },
            {
                "title": "The symmetric group, 3",
                "cover": "https://api.screenshotmachine.com?key=048629&url=https://cameroncounts.wordpress.com/2010/05/11/the-symmetric-group-3/&dimension=480x360",
                "review": "Peter Cameron 讨论为什么只有 $S_6$ 有非平凡的外自同构",
                "doubanLink": "https://cameroncounts.wordpress.com/2010/05/11/the-symmetric-group-3/"
            },
            {
                "title": "Fractal Gallery of William Gilbert",
                "review": "William Gilbert 的分形画廊",
                "cover": "https://www.math.uwaterloo.ca/~wgilbert/FractalGallery/Inversive/Circles1.gif",
                "doubanLink": "https://www.math.uwaterloo.ca/~wgilbert/FractalGallery/FractalGallery.html"
            },
            {
                "title": "MathPages",
                "cover": "https://www.mathpages.com/home/pentgla4.jpg",
                "doubanLink": "https://www.mathpages.com/"
            },
            {
                "title": "Tony Phillips's Homepage",
                "cover": "https://www.math.stonybrook.edu/~tony/tony-photo.jpg",
                "review": "Tony Phillips 的主页，包含了很多有趣的数学资源",
                "doubanLink": "https://www.math.stonybrook.edu/~tony"
            },
            {
                "title": "Science Notes by Greg Egan",
                "doubanLink": "https://www.gregegan.net/SCIENCE/SCIENCE.html",
                "cover": "https://www.gregegan.net/SCIENCE/KleinQuartic/KQRsmall.gif"
            },
            {
                "doubanLink": "https://www.mathematicalgemstones.com/",
                "title": "Finding Gemstones: on the quest for mathematical beauty and truth",
                "cover": "https://www.mathematicalgemstones.com/images/site-header-288x998.png",
                "review": "关于几何表示论的博客，作者是 Maria Monks Gillespie"
            },
            {
                "title": "使用 Pyglet 的“偷懒”OpenGL 入门",
                "doubanLink": "https://wagtail.cds.tohoku.ac.jp/coda/python/pyglet/",
                "cover": "https://api.screenshotmachine.com?key=048629&url=https://wagtail.cds.tohoku.ac.jp/coda/python/pyglet/&dimension=480x360",
                "review": "怎样在 Pyglet 中使用着色器编程的很棒教程"
            },
            {
                "title": "Mathematics of physics",
                "doubanLink": "https://fgmarcelis.wordpress.com/",
                "cover": "https://fgmarcelis.wordpress.com/wp-content/uploads/2021/07/klein_quartic_geogebra_dubbel_color_buiten.png"
            }
        ]
    }
}